Mundo,Nivel,Misión,Familia de producto,¿Producto agrupado?,Variantes / presentaciones,Titular,Imagen del item (URL),Beneficios,Contenido (separador por ;),Detalle
Mundo 1,Nivel 1: Protección solar,Misión 1: Protección Solar Diaria,Protección,No,SPF 30|SPF 50|SPF 70,Bloqueador Solar Premium,https://example.com/images/bloqueador-premium.jpg,Protege de rayos UV,Natural;Dermatológico;Resistente agua,Bloqueador solar de amplio espectro con protección UVA/UVB
Mundo 1,Nivel 1: Protección solar,Misión 1: Protección Solar Diaria,Protección,Sí,50ml|100ml|200ml,Protector Facial SPF 50,https://example.com/images/protector-facial.jpg,Hidratación y protección,Orgánico;Vegano;Libre de parabenos,Protector facial ligero con filtros solares naturales
Mundo 1,Nivel 1: Protección solar,Misión 2: Protección Corporal,Protección,No,Crema|Loción|Spray,Loción Corporal SPF 30,https://example.com/images/locion-corporal.jpg,Protección eficaz,Natural;Resistente agua;Fragancia ligera,Loción corporal con ingredientes naturales para todo el cuerpo
Mundo 1,Nivel 2: Cuidado facial,Misión 1: Limpieza Profunda,Limpieza,No,Normal|Grasa|Sensible,Limpiador Facial Suave,https://example.com/images/limpiador-facial.jpg,Elimina impurezas,Suave;Sin químicos;Ph balanceado,Limpiador facial no invasivo apto para todo tipo de piel
Mundo 1,Nivel 2: Cuidado facial,Misión 1: Limpieza Profunda,Limpieza,Sí,100ml|250ml,Espuma Limpiadora Premium,https://example.com/images/espuma-limpiadora.jpg,Limpieza profunda,Espuma;Hidratante;Removedor de maquillaje,Espuma limpiadora que remueve maquillaje sin resecar
Mundo 1,Nivel 2: Cuidado facial,Misión 2: Hidratación,Hidratación,No,Gel|Crema|Máscara,Crema Hidratante Intensiva,https://example.com/images/crema-hidratante.jpg,Rehidrata profundamente,Intensiva;Nutritiva;Antienvejecimiento,Crema facial con ácido hialurónico para hidratación profunda
Mundo 1,Nivel 2: Cuidado facial,Misión 2: Hidratación,Hidratación,Sí,30ml|50ml|100ml,Sérum Hidratante,https://example.com/images/serum-hidratante.jpg,Absorción rápida,Ligero;Concentrado;Base para maquillaje,Sérum facial de rápida absorción con vitaminas
Mundo 1,Nivel 3: Tratamientos Especializados,Misión 1: Anti-Envejecimiento,Tratamiento,No,Crema|Contorno ocular,Crema Anti-Edad Avanzada,https://example.com/images/crema-anti-edad.jpg,Reduce líneas de expresión,Reafirmante;Reafirmante;Anti-arrugas,Crema facial con retinol para signos visibles de envejecimiento
Mundo 1,Nivel 3: Tratamientos Especializados,Misión 1: Anti-Envejecimiento,Tratamiento,Sí,15ml|30ml,Contorno de Ojos Rejuvenecedor,https://example.com/images/contorno-ojos.jpg,Reduce ojeras y bolsas,Específico zona;Reafirmante;Ligero,Contorno ocular especializado para área delicada
